{"cameraMode":{"drawMode":0,"name":"Shaded","section":"Shading Mode"},"sceneLighting":true,"audioPlay":false,"sceneViewState":{"showFog":true,"showMaterialUpdate":false,"showSkybox":true,"showFlares":true,"showImageEffects":true,"showParticleSystems":true},"in2DMode":false,"pivot":{"x":1.5350838899612427,"y":0.523688554763794,"z":-4.4987101554870609},"rotation":{"x":0.0025785311590880157,"y":0.9973809123039246,"z":-0.046411771327257159,"w":0.0554116815328598},"size":10.516756057739258,"orthographic":false}